<?xml version="1.0" encoding="UTF-8"?>
<!-- ===================================================================== -->
<!--  File:       invoice.xml                                              -->
<!--  Author:     F. Georges                                               -->
<!--  Company:    H2O Consulting                                           -->
<!--  Date:       2010-03-12                                               -->
<!--  Tags:                                                                -->
<!--    Copyright (c) 2010 Florent Georges (see end of file.)              -->
<!-- - - - - - - - - - - - - - - - - - - - - - - - - - - - - - - - - - - - -->


<invoice xmlns="http://fgeorges.org/test/external-invoice"
         date="2010-03-12">

   <line price="15" quantity="10" unitary="1.5">
      <desc>Some stuff.</desc>
   </line>
   <line price="100">
      <desc>Bigger stuff.</desc>
   </line>

   <total tax-excl="115" tax-incl="139.15"/>

</invoice>


<!-- - - - - - - - - - - - - - - - - - - - - - - - - - - - - - - - - - - - -->
<!-- DO NOT ALTER OR REMOVE COPYRIGHT NOTICES OR THIS COMMENT.             -->
<!--                                                                       -->
<!-- The contents of this file are subject to the Mozilla Public License   -->
<!-- Version 1.0 (the "License"); you may not use this file except in      -->
<!-- compliance with the License. You may obtain a copy of the License at  -->
<!-- http://www.mozilla.org/MPL/.                                          -->
<!--                                                                       -->
<!-- Software distributed under the License is distributed on an "AS IS"   -->
<!-- basis, WITHOUT WARRANTY OF ANY KIND, either express or implied.  See  -->
<!-- the License for the specific language governing rights and limitations-->
<!-- under the License.                                                    -->
<!--                                                                       -->
<!-- The Original Code is: all this file.                                  -->
<!--                                                                       -->
<!-- The Initial Developer of the Original Code is Florent Georges.        -->
<!--                                                                       -->
<!-- Contributor(s): none.                                                 -->
<!-- - - - - - - - - - - - - - - - - - - - - - - - - - - - - - - - - - - - -->
